{"cameraMode":{"drawMode":0,"name":"Shaded","section":"Shading Mode"},"sceneLighting":false,"audioPlay":false,"sceneViewState":{"m_AlwaysRefresh":false,"showFog":true,"showSkybox":false,"showFlares":true,"showImageEffects":true,"showParticleSystems":true,"showVisualEffectGraphs":true,"m_FxEnabled":true},"in2DMode":false,"pivot":{"x":1.2034285068511963,"y":0.25903651118278506,"z":-0.9233682751655579},"rotation":{"x":0.0008086746092885733,"y":-0.9984777569770813,"z":0.015287946909666062,"w":0.053076159209012988},"size":2.195777177810669,"orthographic":false}